scenario,policy,inspect_part1,inspect_part2,inspect_final,disassemble_defective,expected_profit,expected_cost,defect_risk,good_probability,base_cost,salvage_value_if_bad,baseline_profit,improvement
1,检零1=否，检零2=否，检成品=否，拆解=是,False,False,False,True,28.781000000000002,27.218999999999998,0.2709999999999999,0.7290000000000001,28.0,13.881918819188195,26.374000000000002,2.407
2,检零1=否，检零2=否，检成品=否，拆解=是,False,False,False,True,28.968,27.032,0.4879999999999999,0.5120000000000001,28.0,12.983606557377048,25.072000000000003,3.8959999999999972
3,检零1=否，检零2=否，检成品=否，拆解=是,False,False,False,True,22.277000000000005,33.723,0.2709999999999999,0.7290000000000001,28.0,13.881918819188195,19.870000000000005,2.407
4,检零1=是，检零2=否，检成品=否，拆解=是,True,False,False,True,17.470000000000002,38.53,0.3599999999999999,0.6400000000000001,30.25,12.000000000000002,13.360000000000003,4.109999999999999
5,检零1=否，检零2=否，检成品=否，拆解=是,False,False,False,True,26.464,29.536,0.35199999999999987,0.6480000000000001,28.0,10.636363636363637,24.48,1.9839999999999982
6,检零1=否，检零2=否，检成品=否，拆解=否,False,False,False,False,26.57375,29.42625,0.1426250000000001,0.8573749999999999,28.0,14.287467134092893,26.57375,0.0
