scenario,policy,mean_profit,p10_profit,p90_profit
1,检零1=否，检零2=否，检成品=否，拆解=是,28.76452027662741,28.201341140158036,29.353645483771814
2,检零1=否，检零2=否，检成品=否，拆解=是,28.861631950260076,28.210306791063744,29.589968559097446
3,检零1=否，检零2=否，检成品=否，拆解=是,21.863169218224744,20.521578869061894,23.34236518874598
4,检零1=是，检零2=否，检成品=否，拆解=是,17.112121010072944,15.147981685511036,18.932443327301236
5,检零1=否，检零2=否，检成品=否，拆解=是,26.44761201923738,25.700683354529993,27.178275780118703
6,检零1=否，检零2=否，检成品=否，拆解=否,26.310293469035418,25.776685457548183,26.739900052591054
